{
    "learning_rate": 0.0013030116629656782,
    "num_attn_heads": 16,
    "d": 128,
    "dropout": 0.2712880745166041
}