{
    "learning_rate": 0.0013854864126061274,
    "num_attn_heads": 8,
    "d": 128,
    "dropout": 0.4098232277089773
}