{
    "learning_rate": 0.0017493668308223415,
    "num_attn_heads": 16,
    "d": 128,
    "dropout": 0.4213182149180418
}