{
    "learning_rate": 0.0016893358364799757,
    "num_attn_heads": 4,
    "d": 128,
    "dropout": 0.36182888816800873
}